{"music_volume": 0.23958333333333334, "fx_volume": 0.052083333333333336}