{"music_volume": 0.03958333333333333, "fx_volume": 0.29166666666666663}