{"music_volume": 0.6104166666666667, "fx_volume": 0.44375}