{"music_volume": 0.4955555555555556, "fx_volume": 0.4066666666666667}