{"music_volume": 0.10208333333333333, "fx_volume": 0.46458333333333335}