{"music_volume": 0.027083333333333334, "fx_volume": 0.20208333333333334}